{
    "total_runtime": 316.608674287796,
    "num_documents": 1,
    "input_load_time": 0,
    "workflows": {
        "create_base_text_units": {
            "overall": 0.2669637203216553,
            "0_orderby": 0.0160067081451416,
            "1_zip": 0.0,
            "2_aggregate_override": 0.0,
            "3_chunk": 0.2040698528289795,
            "4_select": 0.0,
            "5_unroll": 0.015636444091796875,
            "6_rename": 0.0,
            "7_genid": 0.0,
            "8_unzip": 0.015657901763916016,
            "9_copy": 0.0,
            "10_filter": 0.015592813491821289
        },
        "create_base_extracted_entities": {
            "overall": 176.2547163963318,
            "0_entity_extract": 176.1773133277893,
            "1_merge_graphs": 0.07740306854248047
        },
        "create_summarized_entities": {
            "overall": 20.769869089126587,
            "0_summarize_descriptions": 20.764682054519653
        },
        "create_base_entity_graph": {
            "overall": 0.4165225028991699,
            "0_cluster_graph": 0.4023101329803467,
            "1_select": 0.008130311965942383
        },
        "create_final_entities": {
            "overall": 2.7063281536102295,
            "0_unpack_graph": 0.12758088111877441,
            "1_rename": 0.007825613021850586,
            "2_select": 0.0045642852783203125,
            "3_dedupe": 0.012421131134033203,
            "4_rename": 0.008018732070922852,
            "5_filter": 0.018441438674926758,
            "6_text_split": 0.011223793029785156,
            "7_drop": 0.00981760025024414,
            "8_merge": 0.04989051818847656,
            "9_text_embed": 2.4146358966827393,
            "10_drop": 0.010898828506469727,
            "11_filter": 0.02468132972717285
        },
        "create_final_nodes": {
            "overall": 1.4546051025390625,
            "0_layout_graph": 0.758293867111206,
            "1_unpack_graph": 0.18197417259216309,
            "2_unpack_graph": 0.35135793685913086,
            "3_filter": 0.037804603576660156,
            "4_drop": 0.009356021881103516,
            "5_select": 0.010480403900146484,
            "6_rename": 0.017672061920166016,
            "7_join": 0.029252052307128906,
            "8_convert": 0.03991436958312988,
            "9_rename": 0.010004520416259766
        },
        "create_final_communities": {
            "overall": 0.33591532707214355,
            "0_create_final_communities": 0.31787943840026855
        },
        "create_final_relationships": {
            "overall": 0.18100571632385254,
            "0_create_final_relationships_pre_embedding": 0.15035033226013184,
            "1_create_final_relationships_post_embedding": 0.01993560791015625
        },
        "create_final_text_units": {
            "overall": 0.07154631614685059,
            "0_create_final_text_units_pre_embedding": 0.037957191467285156,
            "1_select": 0.023035526275634766
        },
        "create_final_community_reports": {
            "overall": 110.99504065513611,
            "0_prepare_community_reports_nodes": 0.03104686737060547,
            "1_prepare_community_reports_edges": 0.02272343635559082,
            "2_restore_community_hierarchy": 0.016544580459594727,
            "3_prepare_community_reports": 0.460207462310791,
            "4_create_community_reports": 110.43593049049377,
            "5_window": 0.01562190055847168
        },
        "create_base_documents": {
            "overall": 0.22008895874023438,
            "0_unroll": 0.015630483627319336,
            "1_select": 0.015624046325683594,
            "2_rename": 0.01723504066467285,
            "3_join": 0.03036022186279297,
            "4_aggregate_override": 0.01560211181640625,
            "5_join": 0.031245708465576172,
            "6_rename": 0.03170156478881836,
            "7_convert": 0.04698038101196289
        },
        "create_final_documents": {
            "overall": 0.036858320236206055,
            "0_rename": 0.0312802791595459
        }
    }
}