{
    "total_runtime": 382.01266288757324,
    "num_documents": 1,
    "input_load_time": 0,
    "workflows": {
        "create_base_text_units": {
            "overall": 0.19970417022705078,
            "0_orderby": 0.0035169124603271484,
            "1_zip": 0.0018229484558105469,
            "2_aggregate_override": 0.003504037857055664,
            "3_chunk": 0.16130709648132324,
            "4_select": 0.003428220748901367,
            "5_unroll": 0.00504612922668457,
            "6_rename": 0.002017974853515625,
            "7_genid": 0.005278825759887695,
            "8_unzip": 0.0025091171264648438,
            "9_copy": 0.0019960403442382812,
            "10_filter": 0.008109807968139648
        },
        "create_base_extracted_entities": {
            "overall": 148.6632330417633,
            "0_entity_extract": 148.59687280654907,
            "1_merge_graphs": 0.06377983093261719
        },
        "create_summarized_entities": {
            "overall": 68.14809489250183,
            "0_summarize_descriptions": 68.1452248096466
        },
        "create_base_entity_graph": {
            "overall": 0.15413689613342285,
            "0_cluster_graph": 0.14761900901794434,
            "1_select": 0.0035300254821777344
        },
        "create_final_entities": {
            "overall": 1.6152119636535645,
            "0_unpack_graph": 0.04906487464904785,
            "1_rename": 0.0035593509674072266,
            "2_select": 0.0036699771881103516,
            "3_dedupe": 0.00506901741027832,
            "4_rename": 0.003731966018676758,
            "5_filter": 0.010241031646728516,
            "6_text_split": 0.00583195686340332,
            "7_drop": 0.0044019222259521484,
            "8_merge": 0.023118972778320312,
            "9_text_embed": 1.4799299240112305,
            "10_drop": 0.005605936050415039,
            "11_filter": 0.01773977279663086
        },
        "create_final_nodes": {
            "overall": 0.5202178955078125,
            "0_layout_graph": 0.24785995483398438,
            "1_unpack_graph": 0.133772611618042,
            "2_unpack_graph": 0.06055188179016113,
            "3_drop": 0.005950927734375,
            "4_filter": 0.01735711097717285,
            "5_select": 0.00603485107421875,
            "6_rename": 0.005464076995849609,
            "7_join": 0.011709213256835938,
            "8_convert": 0.02072000503540039,
            "9_rename": 0.0060498714447021484
        },
        "create_final_communities": {
            "overall": 0.19921588897705078,
            "0_create_final_communities": 0.19336295127868652
        },
        "create_final_relationships": {
            "overall": 0.0697946548461914,
            "0_create_final_relationships_pre_embedding": 0.053633928298950195,
            "1_create_final_relationships_post_embedding": 0.010064125061035156
        },
        "create_final_text_units": {
            "overall": 0.028712034225463867,
            "0_create_final_text_units_pre_embedding": 0.015261173248291016,
            "1_select": 0.006928682327270508
        },
        "create_final_community_reports": {
            "overall": 161.0135622024536,
            "0_prepare_community_reports_nodes": 0.013398170471191406,
            "1_prepare_community_reports_edges": 0.011241912841796875,
            "2_restore_community_hierarchy": 0.009940862655639648,
            "3_prepare_community_reports": 0.22582077980041504,
            "4_create_community_reports": 160.73327112197876,
            "5_window": 0.012937068939208984
        },
        "create_base_documents": {
            "overall": 0.09033799171447754,
            "0_unroll": 0.008832693099975586,
            "1_select": 0.008055925369262695,
            "2_rename": 0.008355855941772461,
            "3_join": 0.010450363159179688,
            "4_aggregate_override": 0.009076833724975586,
            "5_join": 0.010228872299194336,
            "6_rename": 0.008548736572265625,
            "7_convert": 0.01920628547668457
        },
        "create_final_documents": {
            "overall": 0.017447948455810547,
            "0_rename": 0.008992910385131836
        }
    }
}