{
    "total_runtime": 90.27875328063965,
    "num_documents": 6,
    "input_load_time": 0,
    "workflows": {
        "create_base_text_units": {
            "overall": 0.450136661529541,
            "0_orderby": 0.004563093185424805,
            "1_zip": 0.004304409027099609,
            "2_aggregate_override": 0.007512092590332031,
            "3_chunk": 0.3637857437133789,
            "4_select": 0.004638671875,
            "5_unroll": 0.006979703903198242,
            "6_rename": 0.0061626434326171875,
            "7_genid": 0.01301121711730957,
            "8_unzip": 0.006558656692504883,
            "9_copy": 0.006490230560302734,
            "10_filter": 0.02213883399963379
        },
        "create_base_extracted_entities": {
            "overall": 9.022435188293457,
            "0_entity_extract": 8.880993604660034,
            "1_merge_graphs": 0.13478827476501465
        },
        "create_summarized_entities": {
            "overall": 4.009743690490723,
            "0_summarize_descriptions": 4.002201080322266
        },
        "create_base_entity_graph": {
            "overall": 0.4703958034515381,
            "0_cluster_graph": 0.4529118537902832,
            "1_select": 0.009064197540283203
        },
        "create_final_entities": {
            "overall": 2.4809205532073975,
            "0_unpack_graph": 0.19580864906311035,
            "1_rename": 0.010547161102294922,
            "2_select": 0.01114034652709961,
            "3_dedupe": 0.010921239852905273,
            "4_rename": 0.010401010513305664,
            "5_filter": 0.031205415725708008,
            "6_text_split": 0.017437219619750977,
            "7_drop": 0.012725591659545898,
            "8_merge": 0.11597323417663574,
            "9_text_embed": 2.0074703693389893,
            "10_drop": 0.0140380859375,
            "11_filter": 0.03362774848937988
        },
        "create_final_nodes": {
            "overall": 1.6202526092529297,
            "0_layout_graph": 0.8709580898284912,
            "1_unpack_graph": 0.24905109405517578,
            "2_unpack_graph": 0.2512702941894531,
            "3_filter": 0.055684804916381836,
            "4_drop": 0.016067028045654297,
            "5_select": 0.0159456729888916,
            "6_rename": 0.015035390853881836,
            "7_join": 0.05252385139465332,
            "8_convert": 0.06106877326965332,
            "9_rename": 0.019023418426513672
        },
        "create_final_communities": {
            "overall": 0.5710375308990479,
            "0_create_final_communities": 0.552016019821167
        },
        "create_final_relationships": {
            "overall": 0.3352048397064209,
            "0_create_final_relationships_pre_embedding": 0.2908155918121338,
            "1_create_final_relationships_post_embedding": 0.026519298553466797
        },
        "create_final_text_units": {
            "overall": 0.09138202667236328,
            "0_create_final_text_units_pre_embedding": 0.048232078552246094,
            "1_select": 0.021998167037963867
        },
        "create_final_community_reports": {
            "overall": 68.03113412857056,
            "0_prepare_community_reports_nodes": 0.0445859432220459,
            "1_prepare_community_reports_edges": 0.03800487518310547,
            "2_restore_community_hierarchy": 0.03294658660888672,
            "3_prepare_community_reports": 0.6504857540130615,
            "4_create_community_reports": 67.2232825756073,
            "5_window": 0.021859407424926758
        },
        "create_base_documents": {
            "overall": 0.270418643951416,
            "0_unroll": 0.02322983741760254,
            "1_select": 0.022176504135131836,
            "2_rename": 0.020810365676879883,
            "3_join": 0.029990673065185547,
            "4_aggregate_override": 0.02421426773071289,
            "5_join": 0.0288851261138916,
            "6_rename": 0.023857831954956055,
            "7_convert": 0.07457995414733887
        },
        "create_final_documents": {
            "overall": 0.04719734191894531,
            "0_rename": 0.024126052856445312
        }
    }
}