{
    "total_runtime": 14.816744565963745,
    "num_documents": 11,
    "input_load_time": 0,
    "workflows": {
        "create_base_text_units": {
            "overall": 0.5362601280212402,
            "0_orderby": 0.00399017333984375,
            "1_zip": 0.005700111389160156,
            "2_aggregate_override": 0.00801992416381836,
            "3_chunk": 0.4377775192260742,
            "4_select": 0.005984783172607422,
            "5_unroll": 0.00797891616821289,
            "6_rename": 0.007012844085693359,
            "7_genid": 0.013925313949584961,
            "8_unzip": 0.007979154586791992,
            "9_copy": 0.007962226867675781,
            "10_filter": 0.024929285049438477
        },
        "create_base_extracted_entities": {
            "overall": 13.84918737411499,
            "0_entity_extract": 13.70262861251831,
            "1_merge_graphs": 0.13962602615356445
        }
    }
}