{
    "total_runtime": 289.52985882759094,
    "num_documents": 3,
    "input_load_time": 0,
    "workflows": {
        "create_base_text_units": {
            "overall": 0.26887011528015137,
            "0_orderby": 0.0042040348052978516,
            "1_zip": 0.0018458366394042969,
            "2_aggregate_override": 0.003870248794555664,
            "3_chunk": 0.22446417808532715,
            "4_select": 0.00420689582824707,
            "5_unroll": 0.0053441524505615234,
            "6_rename": 0.0019719600677490234,
            "7_genid": 0.00880885124206543,
            "8_unzip": 0.0023279190063476562,
            "9_copy": 0.0020399093627929688,
            "10_filter": 0.008608102798461914
        },
        "create_base_extracted_entities": {
            "overall": 153.59393429756165,
            "0_entity_extract": 153.42243194580078,
            "1_merge_graphs": 0.16909527778625488
        },
        "create_summarized_entities": {
            "overall": 40.40231490135193,
            "0_summarize_descriptions": 40.39975690841675
        },
        "create_base_entity_graph": {
            "overall": 0.4164559841156006,
            "0_cluster_graph": 0.41024208068847656,
            "1_select": 0.003282785415649414
        },
        "create_final_entities": {
            "overall": 2.0979819297790527,
            "0_unpack_graph": 0.17766189575195312,
            "1_rename": 0.003553628921508789,
            "2_select": 0.003838062286376953,
            "3_dedupe": 0.005217075347900391,
            "4_rename": 0.003777027130126953,
            "5_filter": 0.011090993881225586,
            "6_text_split": 0.00735783576965332,
            "7_drop": 0.004308938980102539,
            "8_merge": 0.03831887245178223,
            "9_text_embed": 1.8148002624511719,
            "10_drop": 0.0070950984954833984,
            "11_filter": 0.017631053924560547
        },
        "create_final_nodes": {
            "overall": 1.1289970874786377,
            "0_layout_graph": 0.602074146270752,
            "1_unpack_graph": 0.2567131519317627,
            "2_unpack_graph": 0.18676519393920898,
            "3_filter": 0.022593021392822266,
            "4_drop": 0.0059010982513427734,
            "5_select": 0.006186962127685547,
            "6_rename": 0.005812883377075195,
            "7_join": 0.011044979095458984,
            "8_convert": 0.020740270614624023,
            "9_rename": 0.0064241886138916016
        },
        "create_final_communities": {
            "overall": 0.41422009468078613,
            "0_create_final_communities": 0.40809178352355957
        },
        "create_final_relationships": {
            "overall": 0.20404911041259766,
            "0_create_final_relationships_pre_embedding": 0.1877880096435547,
            "1_create_final_relationships_post_embedding": 0.010342836380004883
        },
        "create_final_text_units": {
            "overall": 0.03181600570678711,
            "0_create_final_text_units_pre_embedding": 0.01853203773498535,
            "1_select": 0.0068359375
        },
        "create_final_community_reports": {
            "overall": 89.58087587356567,
            "0_prepare_community_reports_nodes": 0.021104097366333008,
            "1_prepare_community_reports_edges": 0.022133827209472656,
            "2_restore_community_hierarchy": 0.011668920516967773,
            "3_prepare_community_reports": 0.3800692558288574,
            "4_create_community_reports": 89.1246566772461,
            "5_window": 0.013065099716186523
        },
        "create_base_documents": {
            "overall": 0.10100507736206055,
            "0_unroll": 0.008507013320922852,
            "1_select": 0.008638143539428711,
            "2_rename": 0.008744955062866211,
            "3_join": 0.01112818717956543,
            "4_aggregate_override": 0.010162115097045898,
            "5_join": 0.010796070098876953,
            "6_rename": 0.00875711441040039,
            "7_convert": 0.02655315399169922
        },
        "create_final_documents": {
            "overall": 0.017307043075561523,
            "0_rename": 0.008875846862792969
        }
    }
}